aquameth	aquaenv	species	fishreg	unit	geo	value_2017	value_2016	value_2015	value_2014	value_2013	value_2012	value_2011	value_2010	value_2009	value_2008
TOTAL	FRW	ACH	5	TLW	AT	236.569	192.6	207.52	150.93	141.77	120.06	115.56	45	44	13
TOTAL	FRW	AYS	5	TLW	AT	nan	nan	nan	nan	nan	nan	nan	nan	nan	0
TOTAL	FRW	BIC	5	TLW	AT	0.245	nan	0.45	0.3	3.68	0.37	0.28	1	nan	0
TOTAL	FRW	BKC	5	TLW	AT	nan	nan	nan	nan	nan	nan	nan	nan	nan	nan
TOTAL	FRW	CAF	5	TLW	AT	nan	nan	nan	nan	nan	nan	nan	nan	nan	0
TOTAL	FRW	CHR	5	TLW	AT	200.528	177.6	186.93	177.73	36.61	nan	23.95	nan	nan	nan
TOTAL	FRW	CLZ	5	TLW	AT	nan	nan	nan	nan	nan	nan	nan	nan	nan	nan
TOTAL	FRW	CWG	5	TLW	AT	nan	nan	nan	nan	nan	nan	nan	nan	nan	nan
TOTAL	FRW	F00	5	TLW	AT	nanc	3485.5	3503.06	3393.31	3238.49	3128.33	2908.89	2167	2141	2087
TOTAL	FRW	F01	5	TLW	AT	nanc	3485.5	3503.06	3393.31	3238.49	3128.33	2908.89	2167	2141	2087
TOTAL	FRW	F02	5	TLW	AT	nanc	3485.5	3503.06	3393.31	3238.49	3128.33	2908.89	2167	2141	2087
TOTAL	FRW	F04	5	TLW	AT	nan	nan	nan	nan	nan	nan	nan	nan	nan	0
TOTAL	FRW	F07	5	TLW	AT	nanc	3485.5	3503.06	3393.31	3238.49	3128.33	2908.89	2167	2141	2087
TOTAL	FRW	F08	5	TLW	AT	nanc	3485.5	3503.06	3393.31	3238.49	3128.33	2908.89	2167	2141	2087
TOTAL	FRW	F10	5	TLW	AT	nanc	1022.9	1127.91	996.62	979.34	914.3	840.96	526	472	489
TOTAL	FRW	F11	5	TLW	AT	nan	666.2	674.6	nan	677.96	640.36	652.28	370	368	381
TOTAL	FRW	F12	5	TLW	AT	nan	nan	nan	nan	nan	nan	nan	nan	nan	nan
TOTAL	FRW	F13	5	TLW	AT	nan	356.7	453.3	nan	301.39	273.94	188.68	156	104	108
TOTAL	FRW	F20	5	TLW	AT	nan	2462.6	2375.15	2396.69	2259.15	2214.03	2067.92	1641	1669	1598
TOTAL	FRW	F21	5	TLW	AT	10.556	7.9	3.66	3.08	1.7	1.56	2.57	2	1	1
TOTAL	FRW	F23	5	TLW	AT	nan	2454.7	2371.5	nan	2257.45	2212.47	2065.35	1639	1668	1597
TOTAL	FRW	F40	5	TLW	AT	nan	nan	nan	nan	nan	nan	nan	nan	nan	0
TOTAL	FRW	F41	5	TLW	AT	nan	nan	nan	nan	nan	nan	nan	nan	nan	0
TOTAL	FRW	FBM	5	TLW	AT	nan	nan	nan	nan	nan	nan	nan	nan	nan	nan
TOTAL	FRW	FBU	5	TLW	AT	nan	nan	nan	nan	nan	nan	nan	nan	nan	nan
TOTAL	FRW	FCC	5	TLW	AT	nan	nan	nan	nan	nan	1.1	nan	nan	nan	nan
TOTAL	FRW	FCG	5	TLW	AT	30.016	34.1	29.39	29.26	26.94	20.66	26.01	11	11	10
TOTAL	FRW	FCP	5	TLW	AT	620.083	607.1	617.92	573.19	619.41	590.24	596	348	345	362
TOTAL	FRW	FCY	5	TLW	AT	nan	1.9	nan	nan	nan	6.24	3.95	4	4	4
TOTAL	FRW	FID	5	TLW	AT	nan	nan	nan	nan	nan	nan	nan	nan	nan	nan
TOTAL	FRW	FPE	5	TLW	AT	nan	nan	nan	nan	nan	nan	nan	nan	nan	nan
TOTAL	FRW	FPI	5	TLW	AT	6.176	6.2	4.87	7.08	5.23	4.72	8.84	2	4	3
TOTAL	FRW	FPP	5	TLW	AT	9.192	8.2	nan	6.71	6.03	6.57	nan	3	2	3
TOTAL	FRW	FRF	5	TLW	AT	nan	nan	nan	nan	nan	nan	nan	nan	nan	0
TOTAL	FRW	FRO	5	TLW	AT	3.486	2.8	5.52	2.21	0.92	nan	0.54	nan	nan	nan
TOTAL	FRW	FSI	5	TLW	AT	nan	342.3	440.62	nan	nan	nan	nan	nan	nan	nan
TOTAL	FRW	FTE	5	TLW	AT	7.926	6.5	7.14	8.41	11.6	nan	nan	5	7	4
TOTAL	FRW	HUC	5	TLW	AT	14.689	11.4	14.55	14.32	6.61	10.84	14.57	5	3	3
TOTAL	FRW	LAT	5	TLW	AT	nan	nan	nan	nan	nan	nan	nan	nan	nan	nan
TOTAL	FRW	ONA	5	TLW	AT	nan	nan	nan	nan	nan	nan	nan	nan	nan	nan
TOTAL	FRW	SLX	5	TLW	AT	nan	2.6	nan	nan	nan	nan	nan	36	49	46
TOTAL	FRW	SLZ	5	TLW	AT	nan	4.7	nan	nan	nan	nan	nan	nan	nan	nan
TOTAL	FRW	SOM	5	TLW	AT	nan	nan	nan	nan	nan	nan	nan	151	98	102
TOTAL	FRW	SRE	5	TLW	AT	2.441	2.5	3.08	1.88	nan	nan	nan	nan	nan	nan
TOTAL	FRW	STU	5	TLW	AT	10.556	7.9	3.66	3.08	1.7	1.56	2.57	2	1	1
TOTAL	FRW	SVC	5	TLW	AT	15.656	11.3	10.38	11.36	9.92	12.82	12.45	1	1	1
TOTAL	FRW	SVF	5	TLW	AT	550.67	476.9	425.85	430.81	455.15	425.77	392.55	256	244	257
TOTAL	FRW	TLP	5	TLW	AT	nan	nan	nan	nan	nan	nan	nan	nan	nan	nan
TOTAL	FRW	TLV	5	TLW	AT	1.615	nan	nan	nan	3.13	nan	nan	nan	nan	nan
TOTAL	FRW	TRR	5	TLW	AT	1302.93	1220.4	1185.37	1277.28	1321.61	nan	1270.62	1211	1246	1204
TOTAL	FRW	TRS	5	TLW	AT	396.485	368.5	347.41	334.81	288.71	nan	nan	85	81	73
TOTAL	FRW	WHF	5	TLW	AT	nan	nan	nan	1.97	nan	nan	nan	1	1	1
TOTAL	FRW	AAS	5	TLW	BG	nan	nan	nan	nan	nan	nan	0.05	nan	nan	nan
TOTAL	FRW	ALR	5	TLW	BG	1.006	6.24	11.67	3	6	2.38	6.85	2.97	5.9	3.63
TOTAL	FRW	APB	5	TLW	BG	53.349	47.82	96.18	nan	nan	13.67	19.13	nan	nan	nan
TOTAL	FRW	APE	5	TLW	BG	1.05	1	1.31	nan	nan	nan	6.13	nan	nan	nan
TOTAL	FRW	APG	5	TLW	BG	59.623	146.01	217.02	233	260	278.29	241.07	333.23	255.5	119.75
TOTAL	FRW	APR	5	TLW	BG	0.115	3.14	nan	nan	1	0.55	nan	0.39	4	nan
TOTAL	FRW	AYS	5	TLW	BG	nan	nan	2.02	nan	nan	1.54	1.66	nan	2.9	2.81
TOTAL	FRW	BIC	5	TLW	BG	1662.67	1482.66	1576.04	1273	2227	970.09	1049.15	1294.18	913.5	1083.92
TOTAL	FRW	BKC	5	TLW	BG	0.315	3.63	13.48	1	3	4	0.08	0.04	0.95	nan
TOTAL	FRW	BUF	5	TLW	BG	nan	nan	nan	nan	nan	nan	0.05	nan	nan	nan
TOTAL	FRW	CGO	5	TLW	BG	221.08	223.89	nan	nan	nan	94.06	218.65	167.74	107.8	75.81
TOTAL	FRW	CLZ	5	TLW	BG	342.142	540.74	285.74	nan	nan	nan	1.77	9.73	nan	nan
TOTAL	FRW	COH	5	TLW	BG	4.294	nan	nan	nan	nan	nan	nan	nan	nan	nan
TOTAL	FRW	CRD	5	TLW	BG	5.941	48.55	12.04	nan	nan	3.4	6.63	9.86	nan	nan
TOTAL	FRW	ELE	5	TLW	BG	14.547	5.21	nan	nan	nan	nan	nan	0.25	nan	nan
TOTAL	FRW	F00	5	TLW	BG	9795.997	9068.78	7538.85	6883	6292	6062.18	6344.71	7222.15	7099.77	6655.57
TOTAL	FRW	F01	5	TLW	BG	9795.587	9060.64	7538.85	6883	6292	6062.18	6344.71	7222.15	7099.77	6655.57
TOTAL	FRW	F02	5	TLW	BG	8077.061	9012.09	7524.8	6883	6292	6057.24	6336.37	7212.29	7096.87	6652.76
TOTAL	FRW	F04	5	TLW	BG	1718.526	48.55	14.05	nan	nan	4.94	8.34	9.86	2.9	2.81
TOTAL	FRW	F07	5	TLW	BG	8077.061	9012.09	7524.8	6883	6292	6057.24	6336.37	7212.29	7096.87	6652.76
TOTAL	FRW	F08	5	TLW	BG	9795.587	9060.64	7538.85	6883	6292	6062.18	6344.71	7222.15	7099.77	6655.57
TOTAL	FRW	F10	5	TLW	BG	4926.568	5586.73	4851.15	3766	3137	3048.11	3667.52	3827.65	4103.97	3718.52
TOTAL	FRW	F11	5	TLW	BG	4437.845	4728.77	4255.36	3511	2782	2913.97	3347.9	3584.54	3754.27	3475.56
TOTAL	FRW	F13	5	TLW	BG	488.723	857.96	595.78	255	355	134.15	319.62	243.11	349.7	242.96
TOTAL	FRW	F20	5	TLW	BG	3150.493	3425.37	2673.65	3117	3155	3009.13	2668.85	3384.64	2992.9	2934.24
TOTAL	FRW	F21	5	TLW	BG	155.88	302.52	335.7	247	279	316.91	329.85	448.69	259.5	119.75
TOTAL	FRW	F22	5	TLW	BG	14.547	5.21	nan	nan	nan	nan	nan	0.25	nan	nan
TOTAL	FRW	F23	5	TLW	BG	2980.066	3117.64	2337.95	2870	2876	2692.22	2339	2927.54	2729.1	2814.49
TOTAL	FRW	F25	5	TLW	BG	nan	nan	nan	nan	nan	nan	nan	8.18	4.3	nan
TOTAL	FRW	F40	5	TLW	BG	5.941	48.55	14.05	nan	nan	4.94	8.34	9.86	2.9	2.81
TOTAL	FRW	F41	5	TLW	BG	5.941	48.55	14.05	nan	nan	4.94	8.34	9.86	2.9	2.81
TOTAL	FRW	F50	5	TLW	BG	1712.585	nan	nan	nan	nan	nan	nan	nan	nan	nan
TOTAL	FRW	F54	5	TLW	BG	1712.585	nan	nan	nan	nan	nan	nan	nan	nan	nan
TOTAL	FRW	F90	5	TLW	BG	0.41	8.14	nan	nan	nan	nan	nan	nan	nan	nan
TOTAL	FRW	F93	5	TLW	BG	nan	8.14	nan	nan	nan	nan	nan	nan	nan	nan
TOTAL	FRW	F94	5	TLW	BG	0.41	nan	nan	nan	nan	nan	nan	nan	nan	nan
TOTAL	FRW	FBM	5	TLW	BG	9.161	9.03	10.88	9	8	7.35	7.3	7.49	0.76	0.08
TOTAL	FRW	FCC	5	TLW	BG	13.727	1.13	nan	nan	nan	0.22	nan	nan	0.03	0.04
TOTAL	FRW	FCG	5	TLW	BG	150.196	261.85	264.28	208	296	170.61	181.51	168.49	176.3	190.15
TOTAL	FRW	FCP	5	TLW	BG	2303.315	2507.88	2142.33	1885	165	1584.36	1804.78	1905.8	2488	2056.12
TOTAL	FRW	FPE	5	TLW	BG	0.129	9.03	37.82	3	11	0.4	1.04	1.78	3.4	2.23
TOTAL	FRW	FPI	5	TLW	BG	4.637	23.2	29.38	nan	nan	5.83	17.42	18.77	29.5	31.95
TOTAL	FRW	FPP	5	TLW	BG	25.246	76.25	69.75	142	175	25.19	17.14	17.63	23.9	15
TOTAL	FRW	FRO	5	TLW	BG	nan	nan	nan	nan	nan	nan	nan	0.02	nan	nan
TOTAL	FRW	FTE	5	TLW	BG	2.934	2.51	3.69	2	2	nan	nan	nan	0.01	nan
TOTAL	FRW	GIP	5	TLW	BG	nan	nan	nan	nan	nan	nan	nan	8.18	4.3	nan
TOTAL	FRW	HLW	5	TLW	BG	nan	8.14	nan	nan	nan	nan	nan	nan	nan	nan
TOTAL	FRW	HUH	5	TLW	BG	6.263	5.91	8.54	14	18	24.4	63.52	115.07	nan	nan
TOTAL	FRW	ITP	5	TLW	BG	4.827	7.55	63.82	13	4	15.45	183.75	107.99	165	103
TOTAL	FRW	LUH	5	TLW	BG	nan	0.02	0.06	nan	nan	0.04	1.24	2.55	1	12.56
TOTAL	FRW	MSM	5	TLW	BG	1712.585	nan	nan	nan	nan	nan	nan	nan	nan	nan
TOTAL	FRW	PAM	5	TLW	BG	16.73	nan	nan	nan	nan	nan	nan	nan	nan	nan
TOTAL	FRW	PTB	5	TLW	BG	nan	nan	nan	nan	nan	0.02	0.56	0.36	nan	nan
TOTAL	FRW	SOM	5	TLW	BG	111.742	201.19	109.27	97	165	87.27	98.5	87.22	127.9	90.78
TOTAL	FRW	SRE	5	TLW	BG	3.022	3.43	6.42	5	6	3.19	4.7	6.38	6.32	2.43
TOTAL	FRW	STU	5	TLW	BG	18.75	98.64	12.65	nan	nan	nan	nan	nan	nan	nan
TOTAL	FRW	SVC	5	TLW	BG	70.419	226.52	226.52	125	69	77.65	73.03	28.52	53.7	50.82
TOTAL	FRW	SVF	5	TLW	BG	9.253	8.82	8.2	nan	nan	nan	0.18	1.1	2.7	2.71
TOTAL	FRW	SWX	5	TLW	BG	0.41	nan	nan	nan	nan	nan	nan	nan	nan	nan
TOTAL	FRW	TRR	5	TLW	BG	2956.345	3092.16	2321.84	2865	2858	2651.19	2312.11	2908.69	2700.4	2805.35
TOTAL	FRW	TRS	5	TLW	BG	10.174	16.65	7.91	5	18	41.03	26.71	17.75	26	6.43
TOTAL	FRW	BIC	5	TLW	CZ	492	244	239	289	355	378.7	353.7	318.1	nan	394
TOTAL	FRW	CIJ	5	TLW	CZ	11	4	5	13	8	nan	nan	nan	nan	nan
TOTAL	FRW	ELE	5	TLW	CZ	2	nan	1	nan	nan	1	nan	nan	nan	0
TOTAL	FRW	F00	5	TLW	CZ	21685	20950.1	20200	20163	19360	20762.8	21010	20420	20071	20395
TOTAL	FRW	F01	5	TLW	CZ	21685	20950.1	20200	20163	19360	20762.8	21010	20420	20071	20395
TOTAL	FRW	F02	5	TLW	CZ	21685	20950.1	20200	20163	19360	20762.8	21010	20420	20071	20395
TOTAL	FRW	F07	5	TLW	CZ	21685	20950.1	20200	20163	19360	20762.8	21010	20420	20071	20395
TOTAL	FRW	F08	5	TLW	CZ	21685	20950.1	20200	20163	19360	20762.8	21010	20420	20071	20395
TOTAL	FRW	F10	5	TLW	CZ	20895	20278.9	19583	19456	18670	19991.9	20167	19656	19381	19556
TOTAL	FRW	F11	5	TLW	CZ	19861	19574.3	18834	18765	17858	19134.8	19336	19032	18520	18771
TOTAL	FRW	F12	5	TLW	CZ	nan	nan	nan	nan	nan	nan	nan	nan	6	nan
TOTAL	FRW	F13	5	TLW	CZ	1034	704.6	749	691	812	857.1	831	624	855	785
TOTAL	FRW	F20	5	TLW	CZ	790	671.2	617	707	690	770.9	843	764	690	839
TOTAL	FRW	F22	5	TLW	CZ	2	nan	1	nan	nan	1	nan	nan	nan	0
TOTAL	FRW	F23	5	TLW	CZ	788	671.2	616	707	690	769.9	843	764	690	839
TOTAL	FRW	FCG	5	TLW	CZ	567	489.5	445	337	384	456.1	412	488	409	394
TOTAL	FRW	FCP	5	TLW	CZ	18460	18354	17860	17833	16809	17972	18198	17746	17258	17507
TOTAL	FRW	FPE	5	TLW	CZ	15	22	20	17	20	21	21	18	18	17
TOTAL	FRW	FPI	5	TLW	CZ	93	79	75	82	93	106.1	112	105	94	101
TOTAL	FRW	FPP	5	TLW	CZ	65	53.7	54	71	65	68	67	48	58	58
TOTAL	FRW	FRF	5	TLW	CZ	761	475.9	537	466	573	610	582	406	627	549
TOTAL	FRW	FTE	5	TLW	CZ	158	156.8	152	152	158	166	180	215	252	284
TOTAL	FRW	PLN	5	TLW	CZ	nan	nan	nan	nan	nan	19	28	26	19	24
TOTAL	FRW	SOM	5	TLW	CZ	100	74	63	55	61	52	49	47	58	60
TOTAL	FRW	SVC	5	TLW	CZ	184	330	138	154	152	162	192.3	264.9	601	192
TOTAL	FRW	SVF	5	TLW	CZ	268	300.6	243	267	237	362.9	235	262	145	201
TOTAL	FRW	TLN	5	TLW	CZ	nan	nan	nan	nan	nan	nan	nan	nan	6	nan
TOTAL	FRW	TRR	5	TLW	CZ	507	363.6	368	421	439	380	580	476	526	614
TOTAL	FRW	TRS	5	TLW	CZ	2	3	nan	6	6	8	nan	nan	nan	nan
TOTAL	FRW	AAO	5	TLW	DE	nan	nan	nan	nan	nan	nan	nan	nan	nan	nan
TOTAL	FRW	AAS	5	TLW	DE	nan	nan	1.4	2.3	nan	nan	nan	nan	nan	nan
TOTAL	FRW	ACH	5	TLW	DE	30.2	nan	nan	nan	nan	56	nan	nan	nan	nan
TOTAL	FRW	APB	5	TLW	DE	183.5	nan	nan	nan	nan	nan	nan	nan	nan	nan
TOTAL	FRW	APE	5	TLW	DE	nan	nan	nan	nan	nan	nan	nan	nan	nan	nan
TOTAL	FRW	APG	5	TLW	DE	nan	nan	nan	nan	nan	nan	nan	nan	nan	nan
TOTAL	FRW	APN	5	TLW	DE	nan	nan	nan	nan	nan	nan	nan	nan	nan	nan
TOTAL	FRW	APR	5	TLW	DE	nan	11.6	nan	nan	nan	nan	nan	nan	nan	nan
TOTAL	FRW	BIC	5	TLW	DE	3.8	11.7	nan	nan	nan	nan	nan	nan	nan	nan
TOTAL	FRW	CHR	5	TLW	DE	nan	nan	nan	nan	nan	nan	nan	526	525	nan
TOTAL	FRW	CIQ	5	TLW	DE	nan	nan	nan	nan	nan	nan	nan	nan	nan	nan
TOTAL	FRW	CLZ	5	TLW	DE	1060.9	1057.2	1071.6	876.3	nan	nan	319	285	52	124
TOTAL	FRW	CRP	5	TLW	DE	nan	nan	nan	nan	nan	nan	nan	nan	nan	nan
TOTAL	FRW	CWG	5	TLW	DE	43.6	30.7	20.8	7.6	19.8	nan	nan	nan	nan	nan
TOTAL	FRW	ELE	5	TLW	DE	nan	nan	nan	nan	nan	nan	nan	398	385	447
TOTAL	FRW	F00	5	TLW	DE	nan	nan	nan	nan	nan	nan	nan	35695	36257	36973
TOTAL	FRW	F01	5	TLW	DE	nan	nan	nan	nan	nan	nan	nan	35695	36257	36973
TOTAL	FRW	F02	5	TLW	DE	nan	nan	nan	nan	nan	nan	nan	35695	36257	36973
TOTAL	FRW	F04	5	TLW	DE	nan	nan	nan	nan	nan	nan	nan	nan	nan	nan
TOTAL	FRW	F07	5	TLW	DE	nan	nan	nan	nan	nan	nan	nan	35695	36257	36973
TOTAL	FRW	F08	5	TLW	DE	nan	nan	nan	nan	nan	nan	nan	35695	36257	36973
TOTAL	FRW	F10	5	TLW	DE	nan	nan	nan	nan	nan	nan	nan	14170	13615	14329
TOTAL	FRW	F11	5	TLW	DE	nan	nan	nan	nan	nan	nan	nan	9634	9887	10855
TOTAL	FRW	F12	5	TLW	DE	nan	nan	nan	nan	nan	nan	nan	nan	nan	nan
TOTAL	FRW	F13	5	TLW	DE	nan	nan	nan	nan	nan	nan	nan	4536	3728	3474
TOTAL	FRW	F20	5	TLW	DE	nan	nan	nan	nan	nan	nan	nan	21525	22642	22644
TOTAL	FRW	F21	5	TLW	DE	nan	nan	nan	nan	nan	nan	nan	93	106	214
TOTAL	FRW	F22	5	TLW	DE	nan	nan	nan	nan	nan	nan	nan	398	385	447
TOTAL	FRW	F23	5	TLW	DE	nan	nan	nan	nan	nan	nan	nan	21034	22151	21983
TOTAL	FRW	F40	5	TLW	DE	nan	nan	nan	nan	nan	nan	nan	nan	nan	nan
TOTAL	FRW	F41	5	TLW	DE	nan	nan	nan	nan	nan	nan	nan	nan	nan	nan
TOTAL	FRW	F90	5	TLW	DE	nan	nan	nan	nan	nan	nan	nan	nan	nan	nan
TOTAL	FRW	F93	5	TLW	DE	nan	nan	nan	nan	nan	nan	nan	nan	nan	nan
TOTAL	FRW	FBM	5	TLW	DE	4	nan	6.8	nan	nan	nan	nan	nan	nan	nan
TOTAL	FRW	FBU	5	TLW	DE	nan	nan	nan	nan	nan	nan	nan	nan	nan	nan
TOTAL	FRW	FCC	5	TLW	DE	8.8	nan	8.7	16	20.2	nan	nan	nan	nan	nan
TOTAL	FRW	FCG	5	TLW	DE	nan	71.8	nan	71.8	97.3	93	46	nan	nan	nan
TOTAL	FRW	FCP	5	TLW	DE	nan	nan	nan	nan	nan	nan	nan	9634	9887	10855
TOTAL	FRW	FCY	5	TLW	DE	nan	nan	nan	nan	nan	nan	nan	nan	nan	nan
TOTAL	FRW	FPE	5	TLW	DE	nan	nan	nan	nan	nan	nan	nan	nan	0	1
TOTAL	FRW	FPI	5	TLW	DE	nan	nan	nan	nan	nan	nan	47	nan	nan	nan
TOTAL	FRW	FPP	5	TLW	DE	nan	nan	nan	nan	nan	nan	nan	5	3	3
TOTAL	FRW	FRF	5	TLW	DE	nan	nan	nan	nan	nan	nan	nan	4028	3461	3120
TOTAL	FRW	FRO	5	TLW	DE	nan	nan	nan	nan	nan	nan	nan	nan	nan	nan
TOTAL	FRW	FTE	5	TLW	DE	133.6	130.3	nan	146.4	156.3	161	161	nan	nan	nan
TOTAL	FRW	FVE	5	TLW	DE	nan	nan	nan	nan	nan	nan	nan	nan	nan	nan
TOTAL	FRW	GOG	5	TLW	DE	nan	0.3	0.2	0.3	nan	0	nan	nan	nan	nan
TOTAL	FRW	HON	5	TLW	DE	0.5	nan	nan	nan	nan	nan	nan	nan	nan	nan
TOTAL	FRW	HUC	5	TLW	DE	nan	nan	17.6	nan	18.7	nan	nan	nan	nan	nan
TOTAL	FRW	HUH	5	TLW	DE	nan	nan	nan	nan	nan	nan	nan	nan	nan	nan
TOTAL	FRW	ITM	5	TLW	DE	nan	nan	nan	nan	nan	nan	nan	nan	nan	nan
TOTAL	FRW	LAT	5	TLW	DE	nan	nan	nan	nan	nan	nan	nan	nan	nan	nan
TOTAL	FRW	LUD	5	TLW	DE	nan	nan	nan	nan	nan	nan	nan	nan	nan	nan
TOTAL	FRW	LUH	5	TLW	DE	nan	nan	nan	nan	nan	nan	nan	nan	nan	nan
TOTAL	FRW	MPS	5	TLW	DE	nan	nan	nan	nan	nan	nan	nan	nan	nan	nan
TOTAL	FRW	ONA	5	TLW	DE	nan	nan	nan	nan	nan	nan	nan	nan	nan	nan
TOTAL	FRW	PCL	5	TLW	DE	nan	nan	nan	nan	nan	nan	nan	nan	nan	nan
TOTAL	FRW	PGS	5	TLW	DE	nan	nan	nan	nan	nan	nan	nan	nan	nan	nan
TOTAL	FRW	SAL	5	TLW	DE	nan	nan	nan	nan	nan	nan	nan	nan	nan	nan
TOTAL	FRW	SBH	5	TLW	DE	nan	nan	nan	nan	nan	0	nan	1	8	21
TOTAL	FRW	SLZ	5	TLW	DE	nan	nan	nan	nan	nan	nan	nan	nan	nan	nan
TOTAL	FRW	SOM	5	TLW	DE	nan	nan	nan	nan	nan	nan	202	217	204	205
TOTAL	FRW	SRE	5	TLW	DE	28.5	nan	18.9	19.7	29.9	nan	nan	nan	nan	nan
TOTAL	FRW	STU	5	TLW	DE	nan	nan	nan	nan	nan	nan	nan	93	106	214
TOTAL	FRW	SVC	5	TLW	DE	4.5	nan	nan	nan	nan	11	nan	nan	nan	nan
TOTAL	FRW	SVF	5	TLW	DE	nan	nan	nan	nan	353.6	nan	nan	nan	nan	nan
TOTAL	FRW	SWG	5	TLW	DE	nan	nan	nan	nan	nan	nan	nan	nan	nan	nan
TOTAL	FRW	TLN	5	TLW	DE	nan	nan	nan	nan	nan	nan	nan	nan	nan	nan
TOTAL	FRW	TLP	5	TLW	DE	nan	nan	nan	nan	nan	nan	nan	nan	nan	nan
TOTAL	FRW	TLV	5	TLW	DE	2	0.9	nan	nan	nan	nan	nan	nan	nan	nan
TOTAL	FRW	TRR	5	TLW	DE	8375.8	8514	8507.5	9895	nan	nan	nan	19982	21101	21983
TOTAL	FRW	TRS	5	TLW	DE	nan	nan	nan	nan	nan	nan	nan	526	525	nan
TOTAL	FRW	WHF	5	TLW	DE	nan	nan	nan	nan	nan	nan	nan	nan	nan	nan
TOTAL	FRW	AAA	5	TLW	EU27_2019	nan	nan	8.361	10.21	19.3	13.3	12	21.1	16.4	220
TOTAL	FRW	AAO	5	TLW	EU27_2019	nan	nan	nan	nan	nan	nan	nan	nan	nan	nan
TOTAL	FRW	AAS	5	TLW	EU27_2019	nan	nan	2.014	2.53	nan	nan	nanc	0.4	2	0.74
TOTAL	FRW	ACH	5	TLW	EU27_2019	nan	nan	nan	nan	nan	2173.263	nan	1487.15	107	599.4
TOTAL	FRW	ALR	5	TLW	EU27_2019	nan	nan	11.667	3	6	2.38	6.85	3.389	5.9	3.63
TOTAL	FRW	APB	5	TLW	EU27_2019	nan	nan	nan	nan	nan	nan	nan	84.4	17.61	46.1
TOTAL	FRW	APE	5	TLW	EU27_2019	nan	nan	nan	nan	nan	nan	nan	nan	nan	nan
TOTAL	FRW	APG	5	TLW	EU27_2019	nan	nan	nan	nan	nan	nan	nan	333.226	255.5	119.75
TOTAL	FRW	APN	5	TLW	EU27_2019	nan	nan	nan	nan	nan	nan	nan	nan	nan	nan
TOTAL	FRW	APR	5	TLW	EU27_2019	nan	nan	nan	nan	nan	nan	nan	0.389	4	nan
TOTAL	FRW	APU	5	TLW	EU27_2019	nan	nan	4	1	nan	nan	nan	nan	nan	nan
TOTAL	FRW	AYS	5	TLW	EU27_2019	nan	nan	10.714	nan	1.1	3.693	12.319	6.5	5	9.11
TOTAL	FRW	BIC	5	TLW	EU27_2019	nan	nan	nan	nan	nan	nan	nan	2987.424	3873.2	4298.32
TOTAL	FRW	BKC	5	TLW	EU27_2019	nan	nan	nan	nan	nan	nan	nan	0.038	0.95	nan
TOTAL	FRW	BTT	5	TLW	EU27_2019	nan	nan	nan	nan	nan	nan	nan	nan	nan	83.03
TOTAL	FRW	BUF	5	TLW	EU27_2019	nan	nan	nan	nan	nan	nan	0.05	nan	nan	nan
TOTAL	FRW	CAF	5	TLW	EU27_2019	nan	nan	nan	nan	131	119.3	nan	nan	215	0
TOTAL	FRW	CGO	5	TLW	EU27_2019	nan	nan	268.204	238.42	298.594	490.676	218.65	1118.867	1752.7	1534.31
TOTAL	FRW	CHR	5	TLW	EU27_2019	nan	nan	nan	nan	nan	nan	nan	nan	909	205.38
TOTAL	FRW	CIJ	5	TLW	EU27_2019	nan	nan	5	13	8	0.362	nan	nan	0.1	0.9
TOTAL	FRW	CIQ	5	TLW	EU27_2019	nan	nan	nan	nan	nan	nan	nan	nan	nan	nan
TOTAL	FRW	CLZ	5	TLW	EU27_2019	nan	nan	nan	nan	nan	nan	4087.955	6404.726	6218	5963
TOTAL	FRW	COH	5	TLW	EU27_2019	nan	nan	nan	nan	nan	2.8	2.3	10	nan	nan
TOTAL	FRW	CRD	5	TLW	EU27_2019	nan	nan	12.038	nan	nan	4.756	6.63	9.86	nan	nan
TOTAL	FRW	CTO	5	TLW	EU27_2019	nan	nan	nan	nan	nan	nan	nan	nan	1100	1100
TOTAL	FRW	CWG	5	TLW	EU27_2019	nan	nan	893.368	nan	19.8	nan	nan	nan	nan	nan
TOTAL	FRW	ELE	5	TLW	EU27_2019	nan	nan	nan	nan	nan	nan	nanc	5224.305	5079.9	6827.95
TOTAL	FRW	F00	5	TLW	EU27_2019	nan	nan	nan	nan	nan	nan	nan	nan	283799.03	288773.55
TOTAL	FRW	F01	5	TLW	EU27_2019	nan	nan	nan	nan	nan	nan	nan	nan	283799.03	288773.55
TOTAL	FRW	F02	5	TLW	EU27_2019	nan	nan	nan	nan	nan	nan	nan	nan	283765.23	288685
TOTAL	FRW	F04	5	TLW	EU27_2019	nan	nan	nan	nan	nan	nan	nanc	nan	7.3	10.15
TOTAL	FRW	F07	5	TLW	EU27_2019	nan	nan	nan	nan	nan	nan	nan	nan	283791.73	288708.4
TOTAL	FRW	F08	5	TLW	EU27_2019	nan	nan	nan	nan	nan	nan	nan	nan	283799.03	288718.55
TOTAL	FRW	F10	5	TLW	EU27_2019	nan	nan	nan	nan	nan	nan	nan	nan	107228.58	104677.39
TOTAL	FRW	F11	5	TLW	EU27_2019	nan	nan	nan	nan	nan	nan	nanc	nan	89967.83	89219.3
TOTAL	FRW	F12	5	TLW	EU27_2019	nan	nan	nan	nan	nan	nan	nan	nan	423	17
TOTAL	FRW	F13	5	TLW	EU27_2019	nan	nan	nan	nan	nan	nan	nan	nan	16837.75	15441.09
TOTAL	FRW	F20	5	TLW	EU27_2019	nan	nan	nan	nan	nan	nan	nan	nan	176536.65	184007.61
TOTAL	FRW	F21	5	TLW	EU27_2019	nan	nan	nan	nan	nan	nan	nan	nan	1451.71	1993.62
TOTAL	FRW	F22	5	TLW	EU27_2019	nan	nan	nan	nan	nan	nan	nanc	5224.305	5079.9	6827.95
TOTAL	FRW	F23	5	TLW	EU27_2019	nan	nan	nan	nan	nan	nan	nan	nan	170000.74	175185.82
TOTAL	FRW	F25	5	TLW	EU27_2019	nan	nan	nan	nan	nan	nan	nan	8.175	4.3	0.22
TOTAL	FRW	F30	5	TLW	EU27_2019	nan	nan	nan	nan	nan	nan	545.2	96	26.5	23.4
TOTAL	FRW	F33	5	TLW	EU27_2019	nan	nan	nan	nan	nan	nan	52.2	33	26.5	23.4
TOTAL	FRW	F39	5	TLW	EU27_2019	nan	nan	290.858	390	343	nan	493	63	nan	nan
TOTAL	FRW	F40	5	TLW	EU27_2019	nan	nan	nan	nan	nan	nan	nanc	25.56	7.3	10.15
TOTAL	FRW	F41	5	TLW	EU27_2019	nan	nan	nan	nan	nan	nan	nanc	25.56	7.3	10.15
TOTAL	FRW	F45	5	TLW	EU27_2019	nan	nan	5.5	3.5	1	0.5	nan	nan	nan	nan
TOTAL	FRW	F50	5	TLW	EU27_2019	nan	nan	nan	nan	nan	nan	nan	nan	nan	nan
TOTAL	FRW	F51	5	TLW	EU27_2019	nan	nan	nan	nan	nan	nan	nan	nan	nan	nan
TOTAL	FRW	F70	5	TLW	EU27_2019	nan	nan	nan	nan	nan	nan	nan	nan	nan	55
TOTAL	FRW	F77	5	TLW	EU27_2019	nan	nan	nan	nan	nan	nan	nan	nan	nan	55
TOTAL	FRW	F90	5	TLW	EU27_2019	nan	nan	nan	nan	nan	nan	nan	nan	nan	nan
TOTAL	FRW	F93	5	TLW	EU27_2019	nan	nan	nan	nan	nan	nan	nan	nan	nan	nan
TOTAL	FRW	F94	5	TLW	EU27_2019	nan	nan	14.8	12.6	29.3	17.4	19.8	nan	nan	nan
TOTAL	FRW	FBM	5	TLW	EU27_2019	nan	nan	nan	nan	nan	nan	nanc	39.781	61.36	62.18
TOTAL	FRW	FBU	5	TLW	EU27_2019	nan	nan	nan	nan	nan	nan	nan	nan	nan	nan
TOTAL	FRW	FCC	5	TLW	EU27_2019	nan	nan	40.47	41.315	nan	nan	nanc	21.579	0.63	1.05
TOTAL	FRW	FCG	5	TLW	EU27_2019	nan	nan	nan	nan	nan	nan	nan	1863.157	2007.3	1762.75
TOTAL	FRW	FCP	5	TLW	EU27_2019	nan	nan	nan	nan	nan	nan	nanc	nan	72665.53	72236.6
TOTAL	FRW	FCY	5	TLW	EU27_2019	nan	nan	335.228	nan	nan	nan	nan	307.9	934	1319
TOTAL	FRW	FID	5	TLW	EU27_2019	nan	nan	12.168	nan	2.388	61.366	nan	nan	1	nan
TOTAL	FRW	FIN	5	TLW	EU27_2019	nan	nan	nan	nan	103	87	83	58	nan	nan
TOTAL	FRW	FPE	5	TLW	EU27_2019	nan	nan	nan	nan	nan	nan	nanc	52.089	56.5	27
TOTAL	FRW	FPI	5	TLW	EU27_2019	nan	nan	nan	nan	nan	nan	nan	395.596	394.6	245.07
TOTAL	FRW	FPP	5	TLW	EU27_2019	nan	nan	nan	nan	nan	nan	nan	230.485	283.7	213.21
TOTAL	FRW	FRF	5	TLW	EU27_2019	nan	nan	nan	nan	1640.439	nan	2137.526	nan	6828.14	6073.8
TOTAL	FRW	FRO	5	TLW	EU27_2019	nan	nan	nan	nan	nan	nan	nanc	0.32	0.5	1900
TOTAL	FRW	FRX	5	TLW	EU27_2019	nan	nan	1900	1900	1900	1909.574	1932.139	1906.53	1915	5
TOTAL	FRW	FSI	5	TLW	EU27_2019	nan	nan	440.624	nan	nan	nan	nan	nan	nan	nan
TOTAL	FRW	FTE	5	TLW	EU27_2019	nan	nan	nan	1397.9	1398.733	nan	nanc	1394.356	1409.54	1246.25
TOTAL	FRW	FVE	5	TLW	EU27_2019	nan	nan	nan	nan	nan	nan	nan	nan	nan	nan
TOTAL	FRW	GIP	5	TLW	EU27_2019	nan	nan	nan	nan	nan	nan	nan	8.175	4.3	0.22
TOTAL	FRW	GOG	5	TLW	EU27_2019	nan	nan	0.2	0.3	nan	0	nan	nan	nan	nan
TOTAL	FRW	HUC	5	TLW	EU27_2019	nan	nan	nan	nan	nan	nan	nan	5	3	13
TOTAL	FRW	HUH	5	TLW	EU27_2019	nan	nan	nan	nan	nan	nan	nan	115.072	nan	nan
TOTAL	FRW	HXP	5	TLW	EU27_2019	nan	nan	nan	nan	nan	nan	nan	386	nan	nan
TOTAL	FRW	INV	5	TLW	EU27_2019	nan	nan	nan	nan	nan	nan	nan	nan	nan	55
TOTAL	FRW	ITE	5	TLW	EU27_2019	nan	nan	nan	nan	nan	4.029	nan	nan	nan	5.8
TOTAL	FRW	ITM	5	TLW	EU27_2019	nan	nan	222.954	135.35	43.2	nan	197.2	245.75	nan	nan
TOTAL	FRW	ITP	5	TLW	EU27_2019	nan	nan	202.002	108.3	107.3	116.55	287.95	212.292	165	103
TOTAL	FRW	LAT	5	TLW	EU27_2019	nan	nan	nan	nan	nan	nan	nan	nan	nan	nan
TOTAL	FRW	LUH	5	TLW	EU27_2019	nan	nan	0.106	0.1	nan	nan	1.24	2.55	1	12.56
TOTAL	FRW	MOF	5	TLW	EU27_2019	nan	nan	nan	nan	nan	nan	nan	nan	nan	nan
TOTAL	FRW	MPS	5	TLW	EU27_2019	nan	nan	nan	nan	77.35	76.4	57.1	106.87	85.01	15
TOTAL	FRW	MUF	5	TLW	EU27_2019	nan	nan	nan	nan	nan	nan	52.2	33	26.5	23.4
TOTAL	FRW	MUL	5	TLW	EU27_2019	nan	nan	nan	nan	nan	1	nan	nan	nan	nan
TOTAL	FRW	MZZ	5	TLW	EU27_2019	nan	nan	290.858	390	240	nan	410	5	nan	nan
TOTAL	FRW	ONA	5	TLW	EU27_2019	nan	nan	nan	nan	nan	nan	nan	nan	nan	24.94
TOTAL	FRW	PAM	5	TLW	EU27_2019	nan	nan	1.117	7.064	4.403	3.69	nan	24.23	nan	nan
TOTAL	FRW	PCL	5	TLW	EU27_2019	nan	nan	nan	nan	1	nan	nan	0.1	0.3	0.3
TOTAL	FRW	PGS	5	TLW	EU27_2019	nan	nan	nan	nan	nan	nan	nan	nan	nan	nan
TOTAL	FRW	PLN	5	TLW	EU27_2019	nan	nan	281.904	nan	269.081	310.815	303	172	169	109.66
TOTAL	FRW	PNV	5	TLW	EU27_2019	nan	nan	5.5	3.5	1	0.5	nan	nan	nan	nan
TOTAL	FRW	PTB	5	TLW	EU27_2019	nan	nan	nan	nan	nan	2.393	0.56	0.36	nan	nan
TOTAL	FRW	QOF	5	TLW	EU27_2019	nan	nan	nan	nan	nan	nan	nan	nan	nan	nan
TOTAL	FRW	RCW	5	TLW	EU27_2019	nan	nan	0.4	6	7	5	16.7	8.7	nan	nan
TOTAL	FRW	SAL	5	TLW	EU27_2019	nan	nan	213.995	nan	0.083	nan	nan	2.5	23.9	28.74
TOTAL	FRW	SBH	5	TLW	EU27_2019	nan	nan	nan	nan	217.75	243.8	nan	134.8	211	253
TOTAL	FRW	SLX	5	TLW	EU27_2019	nan	nan	853.6	868.2	413.6	448.7	882.4	462.2	198	245
TOTAL	FRW	SLZ	5	TLW	EU27_2019	nan	nan	nan	nan	nan	nan	nan	nan	nan	nan
TOTAL	FRW	SOM	5	TLW	EU27_2019	nan	nan	nan	nan	nan	nan	nan	1292.663	1280.8	1359.18
TOTAL	FRW	SRE	5	TLW	EU27_2019	nan	nan	28.4	26.583	nan	nan	nan	11.59	6.32	2.43
TOTAL	FRW	STU	5	TLW	EU27_2019	nan	nan	nan	nan	nan	nan	nan	nan	1158.2	1607.77
TOTAL	FRW	SVC	5	TLW	EU27_2019	nan	nan	nan	nan	nan	4549.068	nan	3466.245	5332.9	4835.22
TOTAL	FRW	SVF	5	TLW	EU27_2019	nan	nan	nan	nan	nan	nan	nan	nan	678.9	708.44
TOTAL	FRW	SWG	5	TLW	EU27_2019	nan	nan	nan	nan	nan	nan	nan	nan	nan	nan
TOTAL	FRW	SWX	5	TLW	EU27_2019	nan	nan	14.8	12.6	29.3	17.4	19.8	nan	nan	nan
TOTAL	FRW	TLN	5	TLW	EU27_2019	nan	nan	12.18	10.38	9.1	nan	nan	nan	6	nan
TOTAL	FRW	TLP	5	TLW	EU27_2019	nan	nan	nan	nan	nan	nan	nan	nan	417	17
TOTAL	FRW	TLV	5	TLW	EU27_2019	nan	nan	nan	nan	nan	nan	nan	0.25	nan	3
TOTAL	FRW	TRO	5	TLW	EU27_2019	nan	nan	nan	nan	nan	nan	nan	1586.456	36795.4	36462.5
TOTAL	FRW	TRR	5	TLW	EU27_2019	nan	nan	nan	nan	nan	nan	nan	nan	128418.04	134424.75
TOTAL	FRW	TRS	5	TLW	EU27_2019	nan	nan	nan	nan	nan	nan	nan	nan	2697.4	2359.11
TOTAL	FRW	VIV	5	TLW	EU27_2019	nan	nan	nan	nan	nan	14.624	0.018	nan	nan	nan
TOTAL	FRW	WHF	5	TLW	EU27_2019	nan	nan	nan	nan	nan	nan	nan	1	1	1
TOTAL	FRW	AAA	5	TLW	EU28	nan	nan	8.36	10.21	19.3	13.3	12	21.1	16.4	220
TOTAL	FRW	AAO	5	TLW	EU28	nan	nan	nan	nan	nan	nan	nan	nan	nan	nan
TOTAL	FRW	AAS	5	TLW	EU28	nan	nan	2.01	2.53	nan	nan	nanc	0.4	2	0.74
TOTAL	FRW	ACH	5	TLW	EU28	nan	nan	nan	nan	nan	2128.16	1355.06	1500.85	116.3	599.4
TOTAL	FRW	ALR	5	TLW	EU28	nan	nan	11.67	3	6	2.38	6.85	3.39	5.9	3.63
TOTAL	FRW	APB	5	TLW	EU28	nan	nan	nan	nan	nan	104.22	75.53	84.4	17.61	46.1
TOTAL	FRW	APE	5	TLW	EU28	nan	nan	nan	nan	nan	nan	6.13	nan	nan	nan
TOTAL	FRW	APG	5	TLW	EU28	nan	nan	nan	nan	nan	278.29	241.07	333.23	255.5	119.75
TOTAL	FRW	APN	5	TLW	EU28	nan	nan	nan	nan	nan	nan	nan	nan	nan	nan
TOTAL	FRW	APR	5	TLW	EU28	nan	nan	nan	nan	nan	0.55	nan	0.39	4	nan
TOTAL	FRW	APU	5	TLW	EU28	nan	nan	4	1	nan	nan	nan	nan	nan	nan
TOTAL	FRW	AYS	5	TLW	EU28	nan	nan	10.71	nan	1.1	3.69	12.32	6.5	5	9.11
TOTAL	FRW	BIC	5	TLW	EU28	nan	nan	nan	nan	nan	3852.95	3306.72	2987.42	3873.2	4298.32
TOTAL	FRW	BKC	5	TLW	EU28	nan	nan	nan	nan	nan	nan	nan	0.04	0.95	nan
TOTAL	FRW	BSS	5	TLW	EU28	nan	nan	nan	nan	nan	nan	nan	nan	322	nan
TOTAL	FRW	BTT	5	TLW	EU28	nan	nan	nan	nan	nan	nan	nan	nan	nan	83.03
TOTAL	FRW	BUF	5	TLW	EU28	nan	nan	nan	nan	nan	nan	0.05	nan	nan	nan
TOTAL	FRW	CAF	5	TLW	EU28	nan	nan	nan	nan	131	119.3	nan	nan	215	0
TOTAL	FRW	CGO	5	TLW	EU28	nan	nan	268.2	238.42	298.59	490.68	218.65	1118.87	1752.7	1534.31
TOTAL	FRW	CHR	5	TLW	EU28	nan	nan	nan	nan	nan	nan	nan	nan	909	205.38
TOTAL	FRW	CIJ	5	TLW	EU28	nan	nan	5	13	8	0.36	nan	nan	0.1	0.9
TOTAL	FRW	CIQ	5	TLW	EU28	nan	nan	nan	nan	nan	nan	nan	nan	nan	nan
TOTAL	FRW	CLZ	5	TLW	EU28	nan	nan	nan	nan	nan	nan	3768.96	6407.63	6225	5963
TOTAL	FRW	COH	5	TLW	EU28	nan	nan	nan	nan	nan	2.8	2.3	10	nan	nan
TOTAL	FRW	CRD	5	TLW	EU28	nan	nan	12.04	nan	nan	4.76	6.63	9.86	nan	nan
TOTAL	FRW	CRU	5	TLW	EU28	nan	nan	nan	nan	nan	nan	nan	nan	0.3	nan
TOTAL	FRW	CTO	5	TLW	EU28	nan	nan	nan	nan	nan	nan	nan	nan	1100	1100
TOTAL	FRW	CWG	5	TLW	EU28	nan	nan	893.37	nan	19.8	nan	nan	nan	nan	nan
TOTAL	FRW	ELE	5	TLW	EU28	nan	nan	nan	nan	nan	nan	nan	5224.31	5079.9	6827.95
TOTAL	FRW	F00	5	TLW	EU28	nan	nan	nan	nan	nan	nan	nan	nan	297322.69	299331.95
TOTAL	FRW	F01	5	TLW	EU28	nan	nan	nan	nan	nan	nan	nan	nan	297322.69	299331.95
TOTAL	FRW	F02	5	TLW	EU28	nan	nan	nan	nan	nan	nan	nan	nan	296966.59	299243.4
TOTAL	FRW	F04	5	TLW	EU28	nan	nan	nan	nan	nan	nan	nanc	nan	7.6	10.15
TOTAL	FRW	F07	5	TLW	EU28	nan	nan	nan	nan	nan	nan	nan	nan	297315.09	299266.8
TOTAL	FRW	F08	5	TLW	EU28	nan	nan	nan	nan	nan	nan	nan	nan	297322.69	299276.95
TOTAL	FRW	F10	5	TLW	EU28	nan	nan	nan	nan	nan	nan	nan	nan	107500.98	104697.69
TOTAL	FRW	F11	5	TLW	EU28	nan	nan	nan	nanc	nan	nan	nanc	nan	90121.23	89219.3
TOTAL	FRW	F12	5	TLW	EU28	nan	nan	nan	nan	nan	104.4	196.9	nan	535	32.5
TOTAL	FRW	F13	5	TLW	EU28	nan	nan	nan	nan	nan	nan	nan	nan	16844.75	15445.89
TOTAL	FRW	F20	5	TLW	EU28	nan	nan	nan	nan	nan	nan	nan	nan	189465.61	194545.71
TOTAL	FRW	F21	5	TLW	EU28	nan	nan	nan	nan	nan	nan	nan	nan	1451.71	1993.62
TOTAL	FRW	F22	5	TLW	EU28	nan	nan	nan	nan	nan	nan	nan	5224.31	5079.9	6827.95
TOTAL	FRW	F23	5	TLW	EU28	nan	nan	nan	nan	nan	nan	nan	nan	182929.7	185723.92
TOTAL	FRW	F25	5	TLW	EU28	nan	nan	nan	nan	nan	nan	nan	8.18	4.3	0.22
TOTAL	FRW	F30	5	TLW	EU28	nan	nan	nan	nan	nan	nan	545.2	96	348.5	23.4
TOTAL	FRW	F33	5	TLW	EU28	nan	nan	nan	nan	nan	nan	52.2	33	348.5	23.4
TOTAL	FRW	F39	5	TLW	EU28	nan	nan	290.86	390	343	nan	493	63	nan	nan
TOTAL	FRW	F40	5	TLW	EU28	nan	nan	nan	nan	nan	nan	nanc	25.56	7.6	10.15
TOTAL	FRW	F41	5	TLW	EU28	nan	nan	nan	nan	nan	nan	nanc	25.56	7.3	10.15
TOTAL	FRW	F45	5	TLW	EU28	nan	nan	5.5	3.5	1	0.5	nan	nan	nan	nan
TOTAL	FRW	F47	5	TLW	EU28	nan	nan	nan	nan	nan	nan	nan	nan	0.3	nan
TOTAL	FRW	F50	5	TLW	EU28	nan	nan	nan	nan	nan	nan	nan	nan	nan	nan
TOTAL	FRW	F51	5	TLW	EU28	nan	nan	nan	nan	nan	nan	nan	nan	nan	nan
TOTAL	FRW	F70	5	TLW	EU28	nan	nan	nan	nan	nan	nan	nan	nan	nan	55
TOTAL	FRW	F77	5	TLW	EU28	nan	nan	nan	nan	nan	nan	nan	nan	nan	55
TOTAL	FRW	F90	5	TLW	EU28	nan	nan	nan	nan	nan	17.4	19.8	nan	nan	nan
TOTAL	FRW	F93	5	TLW	EU28	nan	nan	nan	nan	nan	nan	nan	nan	nan	nan
TOTAL	FRW	F94	5	TLW	EU28	nan	nan	14.8	12.6	29.3	17.4	19.8	nan	nan	nan
TOTAL	FRW	FBM	5	TLW	EU28	nan	nan	nan	nan	nan	nan	nan	46.48	61.36	62.18
TOTAL	FRW	FBU	5	TLW	EU28	nan	nan	nan	nan	nan	0.4	nan	nan	nan	nan
TOTAL	FRW	FCC	5	TLW	EU28	nan	nan	40.47	41.32	nan	893.74	nanc	24.68	0.63	1.05
TOTAL	FRW	FCG	5	TLW	EU28	nan	nan	nan	nan	nan	nan	nan	1863.16	2007.3	1762.75
TOTAL	FRW	FCP	5	TLW	EU28	nan	nan	nan	nanc	nan	nan	nan	nan	72818.93	72236.6
TOTAL	FRW	FCY	5	TLW	EU28	nan	nan	335.23	nan	nan	nan	nan	307.9	934	1319
TOTAL	FRW	FID	5	TLW	EU28	nan	nan	12.17	nan	2.39	62.07	nan	nan	1	nan
TOTAL	FRW	FIN	5	TLW	EU28	nan	nan	nan	nan	103	87	83	58	nan	nan
TOTAL	FRW	FPE	5	TLW	EU28	nan	nan	nan	nan	nan	nan	nanc	52.09	56.5	27
TOTAL	FRW	FPI	5	TLW	EU28	nan	nan	nan	nan	nan	nan	nan	395.6	394.6	245.07
TOTAL	FRW	FPP	5	TLW	EU28	nan	nan	nan	nan	nan	nan	nan	230.49	283.7	213.21
TOTAL	FRW	FRF	5	TLW	EU28	nan	nan	nan	nan	1643.44	nan	2137.53	nan	6828.14	6078.6
TOTAL	FRW	FRO	5	TLW	EU28	nan	nan	nan	nan	nan	nan	nan	4.22	0.5	1900
TOTAL	FRW	FRX	5	TLW	EU28	nan	nan	1900	1900	1900	1909.57	1932.14	1906.53	1915	5
TOTAL	FRW	FSI	5	TLW	EU28	nan	nan	440.62	nan	nan	nan	nan	nan	nan	nan
TOTAL	FRW	FTE	5	TLW	EU28	nan	nan	nan	1397.9	1402.73	nan	nanc	1406.26	1409.54	1246.25
TOTAL	FRW	FVE	5	TLW	EU28	nan	nan	nan	nan	nan	nan	nan	nan	nan	nan
TOTAL	FRW	GIP	5	TLW	EU28	nan	nan	nan	nan	nan	nan	nan	8.18	4.3	0.22
TOTAL	FRW	GOG	5	TLW	EU28	nan	nan	0.2	0.3	nan	nan	nan	nan	nan	nan
TOTAL	FRW	HUC	5	TLW	EU28	nan	nan	nan	nan	nan	nan	nan	5	3	13
TOTAL	FRW	HUH	5	TLW	EU28	nan	nan	nan	nan	nan	24.4	63.52	115.07	nan	nan
TOTAL	FRW	HXP	5	TLW	EU28	nan	nan	nan	nan	nan	nan	nan	386	nan	nan
TOTAL	FRW	INV	5	TLW	EU28	nan	nan	nan	nan	nan	nan	nan	nan	nan	55
TOTAL	FRW	ITE	5	TLW	EU28	nan	nan	nan	nan	nan	4.03	nan	nan	nan	5.8
TOTAL	FRW	ITM	5	TLW	EU28	nan	nan	222.95	135.35	43.2	44.8	197.2	245.75	nan	nan
TOTAL	FRW	ITP	5	TLW	EU28	nan	nan	202	108.3	107.3	116.55	287.95	212.29	165	103
TOTAL	FRW	LAT	5	TLW	EU28	nan	nan	nan	nan	nan	nan	nan	nan	nan	nan
TOTAL	FRW	LUH	5	TLW	EU28	nan	nan	0.11	0.1	nan	5.76	1.24	2.55	1	12.56
TOTAL	FRW	MOF	5	TLW	EU28	nan	nan	nan	nan	nan	nan	nan	nan	nan	nan
TOTAL	FRW	MPS	5	TLW	EU28	nan	nan	nan	nan	77.35	76.4	57.1	106.87	85.01	15
TOTAL	FRW	MUF	5	TLW	EU28	nan	nan	nan	nan	nan	nan	52.2	33	26.5	23.4
TOTAL	FRW	MUL	5	TLW	EU28	nan	nan	nan	nan	nan	1	nan	nan	nan	nan
TOTAL	FRW	MZZ	5	TLW	EU28	nan	nan	290.86	390	240	nan	410	5	nan	nan
TOTAL	FRW	ONA	5	TLW	EU28	nan	nan	nan	nan	nan	nan	nan	nan	nan	24.94
TOTAL	FRW	PAM	5	TLW	EU28	nan	nan	1.12	7.06	4.4	3.69	nan	24.23	nan	nan
TOTAL	FRW	PCL	5	TLW	EU28	nan	nan	nan	nan	1	nan	nan	0.1	0.3	0.3
TOTAL	FRW	PGS	5	TLW	EU28	nan	nan	nan	nan	nan	nan	nan	nan	nan	nan
TOTAL	FRW	PLN	5	TLW	EU28	nan	nan	281.9	nan	269.08	310.81	303	172	169	109.66
TOTAL	FRW	PNV	5	TLW	EU28	nan	nan	5.5	3.5	1	0.5	nan	nan	nan	nan
TOTAL	FRW	PTB	5	TLW	EU28	nan	nan	nan	nan	nan	2.49	0.86	0.36	nan	nan
TOTAL	FRW	QOF	5	TLW	EU28	nan	nan	nan	nan	nan	nan	nan	nan	nan	nan
TOTAL	FRW	RCW	5	TLW	EU28	nan	nan	0.4	6	7	5	16.7	8.7	nan	nan
TOTAL	FRW	SAL	5	TLW	EU28	nan	nan	223	nan	6.08	22.54	nan	10.6	32.76	28.74
TOTAL	FRW	SBH	5	TLW	EU28	nan	nan	nan	nan	217.75	243.8	246.5	134.8	211	253
TOTAL	FRW	SLX	5	TLW	EU28	nan	nan	853.6	868.2	413.6	448.7	882.4	462.2	198	245
TOTAL	FRW	SLZ	5	TLW	EU28	nan	nan	nan	nan	nan	nan	nan	nan	nan	nan
TOTAL	FRW	SOM	5	TLW	EU28	nan	nan	nan	nan	nan	nan	nan	1292.66	1280.8	1359.18
TOTAL	FRW	SRE	5	TLW	EU28	nan	nan	28.4	26.58	nan	nan	nan	11.59	6.32	2.43
TOTAL	FRW	STU	5	TLW	EU28	nan	nan	nan	nan	nan	nan	nan	nan	1158.2	1607.77
TOTAL	FRW	SVC	5	TLW	EU28	nan	nan	nan	nan	nan	4538.07	nan	3466.25	5332.9	4835.22
TOTAL	FRW	SVF	5	TLW	EU28	nan	nan	nan	nan	nan	nan	nan	nan	679.7	714.24
TOTAL	FRW	SWG	5	TLW	EU28	nan	nan	nan	nan	nan	nan	nan	nan	nan	nan
TOTAL	FRW	SWX	5	TLW	EU28	nan	nan	14.8	12.6	29.3	17.4	19.8	nan	nan	nan
TOTAL	FRW	TLN	5	TLW	EU28	nan	nan	16.06	147.41	131.1	102	186	135	118	15.5
TOTAL	FRW	TLP	5	TLW	EU28	nan	nan	nan	nan	nan	2.4	10.9	nan	417	17
TOTAL	FRW	TLV	5	TLW	EU28	nan	nan	nan	nan	nan	nan	nan	0.25	nan	3
TOTAL	FRW	TRO	5	TLW	EU28	nan	nan	nan	nan	nan	nan	nan	1586.46	36795.4	36462.5
TOTAL	FRW	TRR	5	TLW	EU28	nan	nan	nan	nan	nan	nan	145254.73p	nan	140727.04	144886.25
TOTAL	FRW	TRS	5	TLW	EU28	nan	nan	nan	nan	nan	nan	nan	nan	3298.4	2429.91
TOTAL	FRW	VIV	5	TLW	EU28	nan	nan	nan	nan	nan	14.62	0.02	nan	nan	nan
TOTAL	FRW	WHF	5	TLW	EU28	nan	nan	nan	nan	nan	nan	nan	1	1	1
TOTAL	FRW	BIC	5	TLW	HR	476.6	472.45	295.1	518.73	302.66	295.53	522	309	492	380.7
TOTAL	FRW	ELE	5	TLW	HR	nan	nan	nan	nan	nan	nan	nan	nan	nan	62.4
TOTAL	FRW	F00	5	TLW	HR	3272.2	4034.21	4832.2	3807.85	3235	4213.85	6283	5058	5066	5175
TOTAL	FRW	F01	5	TLW	HR	3272.2	4034.21	4832.2	3807.85	3235	4213.85	6283	5058	5066	5175
TOTAL	FRW	F02	5	TLW	HR	3272.2	4034.21	4832.2	3807.85	3235	4213.85	6283	5058	5066	5175
TOTAL	FRW	F07	5	TLW	HR	3272.2	4034.21	4832.2	3807.85	3235	4213.85	6283	5058	5066	5175
TOTAL	FRW	F08	5	TLW	HR	3272.2	4034.21	4832.2	3807.85	3235	4213.85	6283	5058	5066	5175
TOTAL	FRW	F10	5	TLW	HR	2876.7	3567.39	4153.2	3429.47	2884.63	3208.66	3794	2566	3084	2402.2
TOTAL	FRW	F11	5	TLW	HR	2758.6	3440.96	4005.3	3286.62	2740.67	3068.69	3666	2429	2879	2350.1
TOTAL	FRW	F13	5	TLW	HR	118.1	126.43	147.9	142.85	143.96	139.97	128	137	205	52.1
TOTAL	FRW	F20	5	TLW	HR	395.5	466.82	679	378.38	350.36	1005.19	2489	2492	1982	2772.8
TOTAL	FRW	F22	5	TLW	HR	nan	nan	nan	nan	nan	nan	nan	nan	nan	62.4
TOTAL	FRW	F23	5	TLW	HR	395.5	466.82	679	378.38	350.36	1005.19	2489	2492	1982	2710.4
TOTAL	FRW	FBM	5	TLW	HR	nan	nan	nan	nan	nan	nan	nan	nan	nan	2.1
TOTAL	FRW	FCG	5	TLW	HR	168.9	134.43	131.6	288.3	209.48	201.54	158	231	196	133.9
TOTAL	FRW	FCP	5	TLW	HR	2039	2697.58	3401	2284.05	2099.93	2483.5	2891	1816	2058	1689.3
TOTAL	FRW	FPI	5	TLW	HR	12	9.19	8.8	15.54	6.08	12.44	11	8	13	8.5
TOTAL	FRW	FPP	5	TLW	HR	8.8	7.15	10	11.66	11.18	7.26	8	7	6	7.2
TOTAL	FRW	FRF	5	TLW	HR	65.9	70.5	81.5	77.81	91.84	84.46	85	93	140	nan
TOTAL	FRW	FTE	5	TLW	HR	1.4	1.22	3.4	1.34	1.5	nan	nan	nan	nan	7.7
TOTAL	FRW	ITE	5	TLW	HR	nan	nan	nan	nan	nan	nan	nan	nan	nan	5.8
TOTAL	FRW	SOM	5	TLW	HR	31.4	39.59	47.6	37.84	34.87	35.81	24	29	46	30.6
TOTAL	FRW	SVC	5	TLW	HR	72.7	135.28	174.2	194.2	127.11	88.12	95	73	133	136.4
TOTAL	FRW	TRO	5	TLW	HR	nan	12.39	13	9.43	5.75	5.19	8	10	nan	nan
TOTAL	FRW	TRR	5	TLW	HR	367.1	454.43	666	368.95	344.61	1000	2481	2482	1982	2689
TOTAL	FRW	TRS	5	TLW	HR	28.4	nan	nan	nan	nan	nan	nan	nan	nan	21.4
TOTAL	FRW	BIC	5	TLW	HU	nan	nan	85	62	49	81	68	15	52	201
TOTAL	FRW	CLZ	5	TLW	HU	nan	nan	2840	2187	2050	1852	1913	1810	1716	1839
TOTAL	FRW	CTO	5	TLW	HU	3173.868	3039.046	nan	nan	nan	nan	nan	nan	nan	nan
TOTAL	FRW	ELE	5	TLW	HU	nan	nan	0	0	nan	nan	nan	nan	nan	0
TOTAL	FRW	F00	5	TLW	HU	18257.523	16520.3	17337	15366	14383	14558	15509	13637	14171	15000
TOTAL	FRW	F01	5	TLW	HU	18257.523	16520.3	17337	15366	14383	14558	15509	13637	14171	15000
TOTAL	FRW	F02	5	TLW	HU	18257.523	16520.3	17337	15366	14383	14558	15509	13637	14171	15000
TOTAL	FRW	F07	5	TLW	HU	18257.523	16520.3	17337	15366	14383	14558	15509	13637	14171	15000
TOTAL	FRW	F08	5	TLW	HU	18257.523	16520.3	17337	15366	14383	14558	15509	13637	14171	15000
TOTAL	FRW	F10	5	TLW	HU	18106.163	16377.662	17153	15257	14299	14475	15388	13509	14089	14914
TOTAL	FRW	F11	5	TLW	HU	13911.105	12225.105	13495	12305	11883	12255	13147	11464	12035	12769
TOTAL	FRW	F13	5	TLW	HU	4195.058	4152.557	3658	2952	2416	2220	2241	2045	2054	2145
TOTAL	FRW	F20	5	TLW	HU	151.36	142.638	184	109	84	83	121	128	82	86
TOTAL	FRW	F21	5	TLW	HU	97.23	75.737	142	48	32	38	77	81	24	24
TOTAL	FRW	F22	5	TLW	HU	nan	nan	0	0	nan	nan	nan	nan	nan	0
TOTAL	FRW	F23	5	TLW	HU	54.13	66.901	42	61	52	45	44	47	58	62
TOTAL	FRW	FCG	5	TLW	HU	578.643	582.595	516	516	576	502	719	437	480	578
TOTAL	FRW	FCP	5	TLW	HU	12240.485	10320.717	10725	10291	9632	9985	10807	9927	9931	10485
TOTAL	FRW	FPI	5	TLW	HU	31.29	55.523	30	35	32	34	83	28	34	51
TOTAL	FRW	FPP	5	TLW	HU	37.572	58.845	27	44	37	44	46	39	40	28
TOTAL	FRW	FRF	5	TLW	HU	736.789	821.158	612	528	85	65	24	12	89	74
TOTAL	FRW	FTE	5	TLW	HU	4.068	1.964	0	2	2	6	8	4	5	12
TOTAL	FRW	HXP	5	TLW	HU	205.263	175.63	nan	nan	nan	nan	nan	nan	nan	nan
TOTAL	FRW	SOM	5	TLW	HU	215.539	177.985	149	158	212	225	175	156	175	153
TOTAL	FRW	STU	5	TLW	HU	97.23	75.737	142	48	32	38	77	81	24	24
TOTAL	FRW	SVC	5	TLW	HU	882.646	1144.199	2169	1434	1624	1681	1545	1081	1567	1493
TOTAL	FRW	TRR	5	TLW	HU	54.13	66.901	42	61	52	45	44	47	58	62
TOTAL	FRW	F00	5	TLW	ME	692	nan	nan	nan	nan	nan	nan	nan	nan	nan
TOTAL	FRW	F01	5	TLW	ME	692	nan	nan	nan	nan	nan	nan	nan	nan	nan
TOTAL	FRW	F02	5	TLW	ME	692	nan	nan	nan	nan	nan	nan	nan	nan	nan
TOTAL	FRW	F07	5	TLW	ME	692	nan	nan	nan	nan	nan	nan	nan	nan	nan
TOTAL	FRW	F08	5	TLW	ME	692	nan	nan	nan	nan	nan	nan	nan	nan	nan
TOTAL	FRW	F20	5	TLW	ME	692	nan	nan	nan	nan	nan	nan	nan	nan	nan
TOTAL	FRW	F23	5	TLW	ME	692	nan	nan	nan	nan	nan	nan	nan	nan	nan
TOTAL	FRW	TRR	5	TLW	ME	692	nan	nan	nan	nan	nan	nan	nan	nan	nan
TOTAL	FRW	ASU	5	TLW	PL	0.31	nan	nan	nan	nan	nan	nan	nan	nan	nan
TOTAL	FRW	AYS	5	TLW	PL	0.43	0.0704	0.03	0.02	0.03	0.05	0.06	0.3	0	6
TOTAL	FRW	BIC	5	TLW	PL	111.25	nan	nan	nan	nan	nan	nan	nan	nan	nan
TOTAL	FRW	CGO	5	TLW	PL	nan	220.0037	248.48	238.42	298.59	396.62	nan	nan	nan	nan
TOTAL	FRW	CHR	5	TLW	PL	1252.53	938.1757	1237.95	1171.81	891.22	664.71	196	nan	nan	nan
TOTAL	FRW	CLZ	5	TLW	PL	314.2	282.4334	251.53	142.84	169.36	345.89	162.05	1100	nan	nan
TOTAL	FRW	CTO	5	TLW	PL	nan	nan	nan	nan	nan	nan	nan	nan	1100	1100
TOTAL	FRW	CWG	5	TLW	PL	207.66	nan	nan	nan	nan	nan	nan	nan	nan	nan
TOTAL	FRW	ELE	5	TLW	PL	0.6	0.0052	0.35	0.33	nan	14.43	nan	nan	nan	nan
TOTAL	FRW	F00	5	TLW	PL	35418.5	35452.0072	33559.64	36335.83	31257.97	33225.66	34245.83	36503.3	36503	36813
TOTAL	FRW	F01	5	TLW	PL	35418.5	35452.0072	33559.64	36335.83	31257.97	33225.66	34245.83	36503.3	36503	36813
TOTAL	FRW	F02	5	TLW	PL	35418.07	35451.9368	33559.6	36335.81	31257.95	33225.61	34245.77	36503	36503	36807
TOTAL	FRW	F04	5	TLW	PL	0.43	0.0704	0.03	0.02	0.03	0.05	0.06	0.3	0	6
TOTAL	FRW	F07	5	TLW	PL	35418.07	35451.9368	33559.6	36335.81	31257.95	33225.61	34245.77	36503	36503	36807
TOTAL	FRW	F08	5	TLW	PL	35418.5	35452.0072	33559.64	36335.83	31257.97	33225.66	34245.83	36503.3	36503	36813
TOTAL	FRW	F10	5	TLW	PL	18797.03	19370.2026	18700.1	20815.89	18547.19	20831.93	20307.97	21483	21483	20015
TOTAL	FRW	F11	5	TLW	PL	18196.11	18734.2845	17562.66	19464.9	17799.77	19868.64	18659.65	19143	19143	18165
TOTAL	FRW	F12	5	TLW	PL	nan	nan	500	600	nan	nan	nan	nan	nan	nan
TOTAL	FRW	F13	5	TLW	PL	600.92	635.9181	637.44	750.99	747.42	963.29	1648.32	2340	2340	1850
TOTAL	FRW	F20	5	TLW	PL	16621.04	16081.7342	14859.5	15519.92	12710.76	12393.68	13937.8	15020	15020	16792
TOTAL	FRW	F21	5	TLW	PL	763.63	459.1541	316.7	329.42	399.97	346.3	385.2	148	148	270
TOTAL	FRW	F22	5	TLW	PL	0.6	0.0052	0.35	0.33	nan	14.43	nan	nan	nan	nan
TOTAL	FRW	F23	5	TLW	PL	15856.81	15622.575	14542.45	15190.17	12310.79	12032.95	13552.6	14872	14872	16522
TOTAL	FRW	F40	5	TLW	PL	0.43	0.0704	0.03	0.02	0.03	0.05	0.06	0.3	0	6
TOTAL	FRW	F41	5	TLW	PL	0.43	0.0704	0.03	0.02	0.03	0.05	0.06	0.3	0	6
TOTAL	FRW	FBM	5	TLW	PL	3.99	3.4145	2	0.7	0.25	7.43	nan	nan	nan	nan
TOTAL	FRW	FBU	5	TLW	PL	0.32	nan	nan	nan	nan	nan	nan	nan	nan	nan
TOTAL	FRW	FCG	5	TLW	PL	420.38	390.2139	430.99	325.98	269.17	390.17	404.5	419	419	nan
TOTAL	FRW	FCP	5	TLW	PL	16851.3	17399.7194	16223.28	18367.79	16778.22	18317.42	17491.02	18133	18133	17150
TOTAL	FRW	FCY	5	TLW	PL	nan	nan	nan	nan	nan	nan	nan	nan	386	1015
TOTAL	FRW	FID	5	TLW	PL	15	14.6033	12.17	13.75	1.59	61.33	nan	nan	nan	nan
TOTAL	FRW	FPE	5	TLW	PL	7.04	6.6365	7.19	1.8	4.67	13.47	nan	nan	nan	nan
TOTAL	FRW	FPI	5	TLW	PL	170.06	144.9542	169.45	155.35	164.43	202.69	343.59	166	166	nan
TOTAL	FRW	FPP	5	TLW	PL	22.66	19.7212	16.63	18.54	16.89	26.88	nan	nan	nan	nan
TOTAL	FRW	FRF	5	TLW	PL	26.37	91.1434	0.64	6.05	64.44	100.07	879.25	860	860	400
TOTAL	FRW	FRO	5	TLW	PL	20.05	8.1082	13.66	3.07	2.09	12.39	nan	nan	nan	nan
TOTAL	FRW	FRX	5	TLW	PL	0.1	nan	nan	nan	nan	0.17	32.14	nan	nan	nan
TOTAL	FRW	FTE	5	TLW	PL	189.98	157.7627	136.92	144.16	133.34	231.17	369.94	205	205	nan
TOTAL	FRW	FVE	5	TLW	PL	0.1	nan	nan	nan	nan	nan	nan	nan	nan	nan
TOTAL	FRW	HUC	5	TLW	PL	nan	nan	nan	nan	nan	1.06	nan	nan	nan	nan
TOTAL	FRW	HXP	5	TLW	PL	nan	nan	nan	nan	nan	nan	nan	386	nan	nan
TOTAL	FRW	LUH	5	TLW	PL	1.53	0.0484	0.05	0.1	nan	5.02	nan	nan	nan	nan
TOTAL	FRW	PLN	5	TLW	PL	2.12	9.6975	1.9	0.02	0.08	12.81	nan	nan	nan	nan
TOTAL	FRW	PTB	5	TLW	PL	nan	nan	nan	nan	nan	2.37	nan	nan	nan	nan
TOTAL	FRW	SAL	5	TLW	PL	394.23	271.788	4	0.19	0.08	18.34	42.58	nan	nan	nan
TOTAL	FRW	SOM	5	TLW	PL	60.27	91.0294	192.02	426.41	327.63	274.29	263.43	214	214	350
TOTAL	FRW	STU	5	TLW	PL	763.63	459.1541	316.7	329.42	399.97	346.3	385.2	148	148	270
TOTAL	FRW	SVC	5	TLW	PL	374.56	540.4104	495.11	370.93	316.53	429.93	362.05	nan	nan	nan
TOTAL	FRW	SVF	5	TLW	PL	379.21	616.55	551.35	552.41	1151.74	380.09	323.16	nan	nan	nan
TOTAL	FRW	TLP	5	TLW	PL	nan	nan	500	600	nan	nan	nan	nan	nan	nan
TOTAL	FRW	TLV	5	TLW	PL	0.05	nan	nan	nan	nan	15.47	nan	nan	nan	nan
TOTAL	FRW	TRO	5	TLW	PL	5.5	40.7055	3.59	0.13	0.18	55.05	2466.54	nan	nan	nan
TOTAL	FRW	TRR	5	TLW	PL	13807.61	13730.0687	12726.9	13448.57	10251.18	10723.51	10398.01	14872	14872	16522
TOTAL	FRW	TRS	5	TLW	PL	15.46	15.5896	16.77	17.04	16.31	157.94	121.04	nan	nan	nan
TOTAL	FRW	VIV	5	TLW	PL	nan	nan	nan	nan	nan	14.62	nan	nan	nan	nan
TOTAL	FRW	WHF	5	TLW	PL	nan	nan	nan	nan	nan	3.96	5.27	nan	nan	nan
TOTAL	FRW	AAS	5	TLW	RO	1.07	nan	nan	nan	nan	nan	nan	nan	nan	nan
TOTAL	FRW	ALR	5	TLW	RO	nan	nan	nan	nan	nan	nan	nan	0.42	nan	nan
TOTAL	FRW	APB	5	TLW	RO	nan	nan	nan	nan	4.5	8	nan	14.4	nan	nan
TOTAL	FRW	BIC	5	TLW	RO	2771.15	2120.57	1839.85	2286.89	2109.81	2109.51	1288.65	1019.98	2352	2228
TOTAL	FRW	CGO	5	TLW	RO	nan	nan	nan	nan	nan	nan	nan	933.96	1623	1426
TOTAL	FRW	CLZ	5	TLW	RO	nan	113.37	110.44	200.53	94	150.14	72.13	nan	nan	nan
TOTAL	FRW	CRD	5	TLW	RO	nan	1.36	nan	nan	nan	1.36	nan	nan	nan	nan
TOTAL	FRW	CWG	5	TLW	RO	nan	882.94	872.57	915.79	nan	nan	nan	nan	nan	nan
TOTAL	FRW	ELE	5	TLW	RO	nan	0.08	nan	nan	nan	3.52	nan	0.1	nan	nan
TOTAL	FRW	F00	5	TLW	RO	12798.04	12560.84	10980.95	10639.74	10130.4	9995.52	8351.96	8781.43	13131	12496
TOTAL	FRW	F01	5	TLW	RO	12798.04	12560.84	10980.95	10639.74	10130.4	9995.52	8351.96	8781.43	13131	12496
TOTAL	FRW	F02	5	TLW	RO	12796.97	12559.48	10980.09	10639.74	10130.4	9994.16	8351.96	8781.43	13131	12496
TOTAL	FRW	F04	5	TLW	RO	1.07	1.36	nan	nan	nan	1.36	nan	nan	nan	nan
TOTAL	FRW	F07	5	TLW	RO	12796.97	12559.48	10980.95	10639.74	10130.4	9994.16	8351.96	8781.43	13131	12496
TOTAL	FRW	F08	5	TLW	RO	12798.04	12560.84	10980.95	10639.74	10130.4	9995.52	8351.96	8781.43	13131	12496
TOTAL	FRW	F10	5	TLW	RO	10466.14	10929.29	9424.28	9480.12	9008.61	8904.55	6623.49	7342.59	11893	11459
TOTAL	FRW	F11	5	TLW	RO	10159.47	10399.66	9097.58	9135.46	8797.88	8611.53	6438.11	6986.21	11682	11081
TOTAL	FRW	F13	5	TLW	RO	306.67	529.63	326.69	344.66	210.73	293.02	185.38	356.38	211	378
TOTAL	FRW	F20	5	TLW	RO	2330.83	1630.19	1555.81	1159.62	1121.79	1089.61	1728.47	1438.84	1238	1037
TOTAL	FRW	F21	5	TLW	RO	251.88	35.42	13.63	7.98	15.6	11.69	18.56	38.63	nan	nan
TOTAL	FRW	F22	5	TLW	RO	nan	0.08	nan	nan	nan	3.52	nan	0.1	nan	nan
TOTAL	FRW	F23	5	TLW	RO	2078.95	1594.69	1542.18	1151.64	1106.19	1074.41	1709.92	1400.11	1238	1037
TOTAL	FRW	F30	5	TLW	RO	nan	nan	0.86	nan	nan	nan	nan	nan	nan	nan
TOTAL	FRW	F39	5	TLW	RO	nan	nan	0.86	nan	nan	nan	nan	nan	nan	nan
TOTAL	FRW	F40	5	TLW	RO	1.07	1.36	nan	nan	nan	1.36	nan	nan	nan	nan
TOTAL	FRW	F41	5	TLW	RO	1.07	1.36	nan	nan	nan	1.36	nan	nan	nan	nan
TOTAL	FRW	FBM	5	TLW	RO	27.22	91.29	37.7	78.78	58.34	79.37	61.31	32.19	60	60
TOTAL	FRW	FCC	5	TLW	RO	861.84	nan	nan	nan	1003.48	868.06	1047.68	nan	nan	nan
TOTAL	FRW	FCG	5	TLW	RO	89.03	95.54	128.16	204.14	190.19	181.66	62.46	84.18	283	426
TOTAL	FRW	FCP	5	TLW	RO	4539.25	4840.83	4348.86	3736.65	3395.29	3265.51	2652.05	2888.1	4142	3977
TOTAL	FRW	FCY	5	TLW	RO	nan	nan	27.73	13.72	9.53	nan	nan	nan	236	nan
TOTAL	FRW	FPE	5	TLW	RO	2.2	1.94	nan	7.3	1.8	6.77	4.29	5.58	6	1
TOTAL	FRW	FPI	5	TLW	RO	19.86	18	41.79	44.22	28.06	31.26	34.18	30.86	22	14
TOTAL	FRW	FPP	5	TLW	RO	124.16	166.96	83.66	51.43	42.85	55.95	42.27	57.12	45	49
TOTAL	FRW	FRF	5	TLW	RO	114.44	181.35	5.34	nan	nan	nan	nan	99	5	165
TOTAL	FRW	FRO	5	TLW	RO	nan	3.2	nan	nan	nan	nan	nan	nan	nan	nan
TOTAL	FRW	FRX	5	TLW	RO	17.2	nan	nan	nan	nan	9.41	nan	6.53	15	5
TOTAL	FRW	FTE	5	TLW	RO	nan	1.03	nan	nan	nan	11.46	nan	0.13	nan	nan
TOTAL	FRW	ITE	5	TLW	RO	nan	nan	nan	nan	nan	4.03	nan	nan	nan	nan
TOTAL	FRW	MZZ	5	TLW	RO	nan	nan	0.86	nan	nan	nan	nan	nan	nan	nan
TOTAL	FRW	PAM	5	TLW	RO	nan	2.33	1.12	7.06	4.4	3.69	nan	24.23	nan	nan
TOTAL	FRW	SOM	5	TLW	RO	46.01	48.03	85.47	41.18	44.02	44.88	32.51	163.82	133	149
TOTAL	FRW	SRE	5	TLW	RO	nan	nan	nan	nan	nan	nan	2.72	5.21	nan	nan
TOTAL	FRW	STU	5	TLW	RO	251.88	33.09	12.52	0.92	6.7	nan	18.56	nan	nan	nan
TOTAL	FRW	SVC	5	TLW	RO	1853.78	2364.26	1842.72	1899.5	2031.24	2086.55	1323.23	2015.51	2971	2959
TOTAL	FRW	SVF	5	TLW	RO	230.27	463.57	170.14	nan	33.88	nan	15.02	nan	20	17
TOTAL	FRW	TRO	5	TLW	RO	nan	22	27.21	nan	nan	nan	16.91	nan	898	752
TOTAL	FRW	TRR	5	TLW	RO	1840.42	1109.12	1344.83	1151.64	1072.31	1074.41	1677.98	1400.11	320	268
TOTAL	FRW	TRS	5	TLW	RO	8.26	nan	nan	nan	nan	nan	nan	nan	nan	nan
TOTAL	FRW	F00	5	TLW	RS	5069.65	6877.66	nan	nan	nan	nan	nan	nan	nan	nan
TOTAL	FRW	F01	5	TLW	RS	5069.65	6877.66	nan	nan	nan	nan	nan	nan	nan	nan
TOTAL	FRW	F02	5	TLW	RS	5069.65	6877.66	nan	nan	nan	nan	nan	nan	nan	nan
TOTAL	FRW	F07	5	TLW	RS	5069.65	6877.66	nan	nan	nan	nan	nan	nan	nan	nan
TOTAL	FRW	F08	5	TLW	RS	5069.65	6877.66	nan	nan	nan	nan	nan	nan	nan	nan
TOTAL	FRW	F10	5	TLW	RS	4151.87	6085.06	nan	nan	nan	nan	nan	nan	nan	nan
TOTAL	FRW	F11	5	TLW	RS	4043.92	5943.97	nan	nan	nan	nan	nan	nan	nan	nan
TOTAL	FRW	F13	5	TLW	RS	107.95	141.09	nan	nan	nan	nan	nan	nan	nan	nan
TOTAL	FRW	F20	5	TLW	RS	917.78	792.6	nan	nan	nan	nan	nan	nan	nan	nan
TOTAL	FRW	F23	5	TLW	RS	917.78	792.6	nan	nan	nan	nan	nan	nan	nan	nan
TOTAL	FRW	FCG	5	TLW	RS	61.69	82.59	nan	nan	nan	nan	nan	nan	nan	nan
TOTAL	FRW	FCP	5	TLW	RS	3761.41	5648.13	nan	nan	nan	nan	nan	nan	nan	nan
TOTAL	FRW	FRF	5	TLW	RS	90.82	115.27	nan	nan	nan	nan	nan	nan	nan	nan
TOTAL	FRW	SOM	5	TLW	RS	17.13	25.82	nan	nan	nan	nan	nan	nan	nan	nan
TOTAL	FRW	SVC	5	TLW	RS	220.82	213.25	nan	nan	nan	nan	nan	nan	nan	nan
TOTAL	FRW	TRR	5	TLW	RS	917.78	792.6	nan	nan	nan	nan	nan	nan	nan	nan
TOTAL	FRW	CTO	5	TLW	SI	nan	nan	nan	nan	nan	nan	nan	nan	nan	nan
TOTAL	FRW	F00	5	TLW	SI	nan	nan	nan	nan	nan	nan	nan	659	931	1041
TOTAL	FRW	F01	5	TLW	SI	nan	nan	nan	nan	nan	nan	nan	659	931	1041
TOTAL	FRW	F02	5	TLW	SI	nan	nan	nan	nan	nan	nan	nan	659	931	1041
TOTAL	FRW	F07	5	TLW	SI	nan	nan	nan	nan	nan	nan	nan	659	931	1041
TOTAL	FRW	F08	5	TLW	SI	nan	nan	nan	nan	nan	nan	nan	659	931	1041
TOTAL	FRW	F10	5	TLW	SI	nan	nan	nan	nan	nan	nan	nan	177	205	178
TOTAL	FRW	F11	5	TLW	SI	nan	nan	nan	nan	nan	nan	nan	172.4	196	176
TOTAL	FRW	F13	5	TLW	SI	nan	nan	nan	nan	nan	nan	nan	4.6	9	2
TOTAL	FRW	F20	5	TLW	SI	nan	nan	nan	nan	nan	nan	nan	482	726	863
TOTAL	FRW	F21	5	TLW	SI	nan	nan	nan	nan	nan	nan	nan	nan	nan	nan
TOTAL	FRW	F23	5	TLW	SI	nan	nan	nan	nan	nan	nan	nan	482	726	863
TOTAL	FRW	FBM	5	TLW	SI	nan	nan	nan	nan	nan	nan	nan	nan	nan	nan
TOTAL	FRW	FCC	5	TLW	SI	nan	nan	nan	nan	nan	nan	nan	nan	nan	1
TOTAL	FRW	FCG	5	TLW	SI	nan	nan	nan	nan	nan	nan	nan	6	5	6
TOTAL	FRW	FCP	5	TLW	SI	123.3	149.8	126.7	134	123	137.3	188	160	177	166
TOTAL	FRW	FCY	5	TLW	SI	2.7	3.7	7.5	3	2.2	nan	nan	3.9	8	nan
TOTAL	FRW	FPI	5	TLW	SI	4.7	nan	nan	nan	nan	nan	nan	1	3	1
TOTAL	FRW	FPP	5	TLW	SI	1.4	nan	nan	nan	nan	nan	nan	0.6	1	1
TOTAL	FRW	FRF	5	TLW	SI	nan	nan	nan	nan	nan	nan	nan	3	5	nan
TOTAL	FRW	FTE	5	TLW	SI	nan	nan	nan	nan	nan	nan	nan	1	2	nan
TOTAL	FRW	HUC	5	TLW	SI	nan	nan	nan	nan	nan	nan	nan	nan	nan	10
TOTAL	FRW	HXP	5	TLW	SI	nan	nan	nan	nan	nan	nan	nan	nan	nan	nan
TOTAL	FRW	SOM	5	TLW	SI	nan	nan	nan	nan	nan	nan	nan	nan	nan	nan
TOTAL	FRW	STU	5	TLW	SI	nan	nan	nan	nan	nan	nan	nan	nan	nan	nan
TOTAL	FRW	SVC	5	TLW	SI	nan	nan	nan	nan	nan	nan	nan	1.5	4	3
TOTAL	FRW	SVF	5	TLW	SI	nan	nan	nan	nan	nan	nan	nan	6	29	23
TOTAL	FRW	TLV	5	TLW	SI	nan	nan	nan	nan	nan	nan	nan	nan	nan	3
TOTAL	FRW	TRO	5	TLW	SI	nan	nan	nan	nan	nan	nan	nan	20	33	1
TOTAL	FRW	TRR	5	TLW	SI	737.3	833.4	656	647	582	556.8	611.1	456	664	775
TOTAL	FRW	TRS	5	TLW	SI	10.9	nan	nan	nan	nan	nan	nan	nan	nan	51
TOTAL	FRW	CGO	5	TLW	SK	nan	nan	19.72	nan	nan	nan	nan	nan	nan	nan
TOTAL	FRW	CLZ	5	TLW	SK	932.41	nan	11.22	nan	nan	nan	nan	nan	nan	nan
TOTAL	FRW	F00	5	TLW	SK	2608.78	1956.59	1247.95	1214.37	1084.75	1263.19	912.65	nan	823.11	1078.02
TOTAL	FRW	F01	5	TLW	SK	2608.78	1956.59	1247.95	1214.37	1084.75	1263.19	912.65	nan	823.11	1078.02
TOTAL	FRW	F02	5	TLW	SK	2608.78	1956.59	1247.95	1214.37	1084.75	1263.19	912.65	nan	823.11	1078.02
TOTAL	FRW	F07	5	TLW	SK	2608.78	1956.59	1247.95	1214.37	1084.75	1263.19	912.65	nan	823.11	1078.02
TOTAL	FRW	F08	5	TLW	SK	2608.78	1956.59	1247.95	1214.37	1084.75	1263.19	912.65	nan	823.11	1078.02
TOTAL	FRW	F10	5	TLW	SK	1585.05	876.26	310.44	343.21	347.19	496.02	335.03	nan	187.55	300.76
TOTAL	FRW	F11	5	TLW	SK	556.36	407.28	283.54	247.33	231.83	363.13	310.18	nan	153.91	251.56
TOTAL	FRW	F13	5	TLW	SK	1028.69	468.98	26.9	95.88	115.36	132.89	24.85	nan	33.64	49.2
TOTAL	FRW	F20	5	TLW	SK	1023.73	1080.33	937.51	871.16	737.56	767.17	577.62	nan	635.56	777.26
TOTAL	FRW	F23	5	TLW	SK	1023.73	1080.33	937.51	871.16	737.56	767.17	577.62	nan	635.56	777.26
TOTAL	FRW	FCG	5	TLW	SK	nan	nan	6.21	6.07	14.76	8.56	20.96	nan	nan	nan
TOTAL	FRW	FCP	5	TLW	SK	556.36	356.68	257.61	241.26	217.07	354.57	289.22	nan	153.91	251.56
TOTAL	FRW	FRF	5	TLW	SK	96.28	468.98	15.68	95.88	115.36	132.89	24.85	nan	33.64	49.2
TOTAL	FRW	SVC	5	TLW	SK	nan	50.6	nan	nan	nan	nan	nan	nan	nan	nan
TOTAL	FRW	SVF	5	TLW	SK	nan	nan	11.94	nan	nan	nan	nan	nan	nan	nan
TOTAL	FRW	TRO	5	TLW	SK	nan	nan	nan	1.06	2.51	4.36	7.71	nan	nan	6
TOTAL	FRW	TRR	5	TLW	SK	1023.73	1080.33	925.57	870.1	735.05	762.81	569.91	nan	635.56	771.26
TOTAL	FRW	ACH	5	TLW	UK	14.88	16.72	11.34	10.28	11	10.9	12.5	13.7	9.3	nan
TOTAL	FRW	APB	5	TLW	UK	nan	0	nan	nan	nan	nan	nan	nan	nan	nan
TOTAL	FRW	BSS	5	TLW	UK	nan	nan	nan	nan	nan	nan	nan	nan	322	nan
TOTAL	FRW	CLZ	5	TLW	UK	nan	nan	nan	nan	nan	nan	nan	2.9	7	nan
TOTAL	FRW	CRU	5	TLW	UK	nan	nan	nan	nan	nan	nan	nan	nan	0.3	nan
TOTAL	FRW	ELE	5	TLW	UK	nan	nan	nan	nan	nan	1.3	nan	nan	nan	nan
TOTAL	FRW	F00	5	TLW	UK	9847.796	10424.11	10539.62	nan	11159	13345.1	11858.2	12994.4	13523.66	10558.4
TOTAL	FRW	F01	5	TLW	UK	9847.796	10424.11	10539.62	nan	11159	13345.1	11858.2	12994.4	13523.66	10558.4
TOTAL	FRW	F02	5	TLW	UK	9847.796	10424.11	10539.62	nan	11159	13345.1	11858.2	12994.4	13201.36	10558.4
TOTAL	FRW	F04	5	TLW	UK	nan	nan	nan	nan	nan	nan	nan	nan	0.3	nan
TOTAL	FRW	F07	5	TLW	UK	9847.796	10424.11	10539.62	nan	11159	13345.1	11858.2	12994.4	13523.36	10558.4
TOTAL	FRW	F08	5	TLW	UK	9847.796	10424.11	10539.62	nan	11159	13345.1	11858.2	12994.4	13523.66	10558.4
TOTAL	FRW	F10	5	TLW	UK	3.55	12.26	9.19	nan	284	401.9	335.9	411.2	272.4	20.3
TOTAL	FRW	F11	5	TLW	UK	2.5	6.04	5.31	nan	159	299.8	149.9	273.3	153.4	nan
TOTAL	FRW	F12	5	TLW	UK	1.05	6.22	3.88	137.03	122	102	186	135	112	15.5
TOTAL	FRW	F13	5	TLW	UK	nan	nan	nan	nan	3	0.1	nan	2.9	7	4.8
TOTAL	FRW	F20	5	TLW	UK	9844.246	10411.85	10530.43	11127.42	10875	12943.2	11522.3	12583.2	12928.96	10538.1
TOTAL	FRW	F21	5	TLW	UK	nan	0	nan	nan	nan	nan	nan	nan	nan	nan
TOTAL	FRW	F22	5	TLW	UK	nan	nan	nan	nan	nan	1.3	nan	nan	nan	nan
TOTAL	FRW	F23	5	TLW	UK	9844.246	10411.85	10530.43	11127.42	10875	12941.9	11522.3	12583.2	12928.96	10538.1
TOTAL	FRW	F30	5	TLW	UK	nan	nan	nan	nan	nan	nan	nan	nan	322	nan
TOTAL	FRW	F33	5	TLW	UK	nan	nan	nan	nan	nan	nan	nan	nan	322	nan
TOTAL	FRW	F40	5	TLW	UK	nan	nan	nan	nan	nan	nan	nan	nan	0.3	nan
TOTAL	FRW	F47	5	TLW	UK	nan	nan	nan	nan	nan	nan	nan	nan	0.3	nan
TOTAL	FRW	FBM	5	TLW	UK	nan	nan	nan	nan	3	19	nan	6.7	nan	nan
TOTAL	FRW	FCC	5	TLW	UK	nan	nan	nan	nan	nan	6.4	2.2	3.1	nan	nan
TOTAL	FRW	FCP	5	TLW	UK	nan	6.04	5.31	nan	149	259	138	247.7	153.4	nan
TOTAL	FRW	FCY	5	TLW	UK	2.5	nan	nan	nan	nan	nan	nan	nan	nan	nan
TOTAL	FRW	FID	5	TLW	UK	nan	nan	nan	nan	nan	0.7	nan	nan	nan	nan
TOTAL	FRW	FPE	5	TLW	UK	nan	nan	nan	nan	nan	0.1	nan	nan	nan	nan
TOTAL	FRW	FRF	5	TLW	UK	nan	nan	nan	nan	3	nan	nan	nan	nan	4.8
TOTAL	FRW	FRO	5	TLW	UK	nan	nan	nan	nan	3	1.7	4.5	3.9	nan	nan
TOTAL	FRW	FTE	5	TLW	UK	nan	nan	nan	nan	4	11.9	4.9	11.9	nan	nan
TOTAL	FRW	LUH	5	TLW	UK	nan	nan	nan	nan	nan	0.7	nan	nan	nan	nan
TOTAL	FRW	PTB	5	TLW	UK	nan	nan	nan	nan	nan	0.1	0.3	nan	nan	nan
TOTAL	FRW	SAL	5	TLW	UK	nan	3	9	6	6	4	4.5	8.1	8.86	nan
TOTAL	FRW	SLZ	5	TLW	UK	nan	5.9	nan	nan	nan	nan	nan	nan	nan	nan
TOTAL	FRW	SRE	5	TLW	UK	nan	nan	nan	nan	nan	0.3	nan	nan	nan	nan
TOTAL	FRW	SVF	5	TLW	UK	nan	nan	nan	nan	nan	0.8	nan	0.3	0.8	5.8
TOTAL	FRW	TLN	5	TLW	UK	1.05	6.22	3.88	137.03	122	102	186	135	112	15.5
TOTAL	FRW	TRR	5	TLW	UK	9559.358	10092.06	10160.61	10797.78	10502	12515	10996	11987.5	12309	10461.5
TOTAL	FRW	TRS	5	TLW	UK	270.008	294.17	349.48	313.36	356	411.2	509.3	573.6	601	70.8